{
  "total_time": 81.130784034729,
  "epoch_times": [
    16.137614727020264,
    16.300978899002075,
    16.30819797515869,
    16.24137592315674,
    16.142482042312622
  ],
  "train_losses": [
    0.2211601688533521,
    0.06531082168429979,
    0.046405230455452015,
    0.03684053958652031,
    0.028827175897736496
  ],
  "test_accuracies": [
    97.88,
    98.83,
    98.92,
    99.2,
    98.94
  ],
  "final_accuracy": 98.94,
  "device": "cpu",
  "method": "Serial (CPU)"
}