{
  "total_time": 79.70599794387817,
  "epoch_times": [
    15.849072933197021,
    15.933536052703857,
    15.975462198257446,
    15.945828199386597,
    16.001959800720215
  ],
  "train_losses": [
    0.21853447013220856,
    0.06289105022252639,
    0.04636398396692547,
    0.03616260772322499,
    0.02946989652470498
  ],
  "test_accuracies": [
    98.37,
    98.84,
    98.98,
    98.96,
    99.12
  ],
  "final_accuracy": 99.12,
  "device": "cpu",
  "method": "Serial (CPU)"
}