{
  "baseline": {
    "total_time": 79.70599794387817,
    "epoch_times": [
      15.849072933197021,
      15.933536052703857,
      15.975462198257446,
      15.945828199386597,
      16.001959800720215
    ],
    "train_losses": [
      0.21853447013220856,
      0.06289105022252639,
      0.04636398396692547,
      0.03616260772322499,
      0.02946989652470498
    ],
    "test_accuracies": [
      98.37,
      98.84,
      98.98,
      98.96,
      99.12
    ],
    "final_accuracy": 99.12,
    "device": "cpu",
    "method": "Serial (CPU)"
  },
  "mpi": {
    "total_time": 45.194600343704224,
    "epoch_times": [
      8.642360925674438,
      8.87521481513977,
      9.127766132354736,
      9.152661085128784,
      9.383827924728394
    ],
    "train_losses": [
      0.471892774105072,
      0.11760612577199936,
      0.07878139615058899,
      0.06387577950954437,
      0.05491962656378746
    ],
    "test_accuracies": [
      96.84,
      97.96,
      98.36,
      98.47,
      98.67
    ],
    "final_accuracy": 98.67,
    "world_size": 4,
    "device": "cpu",
    "method": "MPI Distributed (4 processes)"
  },
  "gpu": {
    "total_time": 34.69238805770874,
    "epoch_times": [
      8.178074836730957,
      7.432511806488037,
      6.303471803665161,
      6.433659076690674,
      6.344557046890259
    ],
    "train_losses": [
      0.23141002110086445,
      0.06497352317085803,
      0.046303943124860886,
      0.036254603277779185,
      0.03006682547709673
    ],
    "test_accuracies": [
      98.39,
      98.77,
      98.95,
      99.09,
      99.14
    ],
    "final_accuracy": 99.14,
    "device": "mps",
    "method": "GPU (Apple MPS)"
  },
  "hybrid": {
    "total_time": 15.32100510597229,
    "epoch_times": [
      3.3318629264831543,
      2.981541872024536,
      2.9745500087738037,
      2.9668726921081543,
      3.0650880336761475
    ],
    "communication_times": [
      0.07011008262634277,
      0.00968790054321289,
      0.01092982292175293,
      0.011452198028564453,
      0.0033042430877685547
    ],
    "train_losses": [
      0.13297639787197113,
      0.03651558235287666,
      0.02562156319618225,
      0.02088760770857334,
      0.01731031946837902
    ],
    "test_accuracies": [
      96.33,
      97.31,
      98.03,
      97.87,
      98.36
    ],
    "final_accuracy": 98.36,
    "world_size": 4,
    "device": "mps",
    "method": "Hybrid MPI+GPU (4 processes)"
  }
}