{
  "baseline": {
    "total_time": 81.130784034729,
    "epoch_times": [
      16.137614727020264,
      16.300978899002075,
      16.30819797515869,
      16.24137592315674,
      16.142482042312622
    ],
    "train_losses": [
      0.2211601688533521,
      0.06531082168429979,
      0.046405230455452015,
      0.03684053958652031,
      0.028827175897736496
    ],
    "test_accuracies": [
      97.88,
      98.83,
      98.92,
      99.2,
      98.94
    ],
    "final_accuracy": 98.94,
    "device": "cpu",
    "method": "Serial (CPU)"
  },
  "mpi": {
    "total_time": 47.018542766571045,
    "epoch_times": [
      8.829195022583008,
      9.117825031280518,
      9.567042112350464,
      9.60445785522461,
      9.88783311843872
    ],
    "train_losses": [
      0.5120512247085571,
      0.1280442625284195,
      0.08311495184898376,
      0.06875000149011612,
      0.057770341634750366
    ],
    "test_accuracies": [
      96.4,
      97.82,
      98.3,
      98.35,
      98.6
    ],
    "final_accuracy": 98.6,
    "world_size": 4,
    "device": "cpu",
    "method": "MPI Distributed (4 processes)"
  },
  "gpu": {
    "total_time": 40.1726508140564,
    "epoch_times": [
      10.885703086853027,
      7.86572790145874,
      8.30321979522705,
      6.26401686668396,
      6.853862047195435
    ],
    "train_losses": [
      0.2095615658487108,
      0.06259517703053437,
      0.04543899150261445,
      0.03747987644903899,
      0.02931317330521992
    ],
    "test_accuracies": [
      98.3,
      98.87,
      99.12,
      99.11,
      99.17
    ],
    "final_accuracy": 99.17,
    "device": "mps",
    "method": "GPU (Apple MPS)"
  },
  "hybrid": null
}