{
  "total_time": 34.69238805770874,
  "epoch_times": [
    8.178074836730957,
    7.432511806488037,
    6.303471803665161,
    6.433659076690674,
    6.344557046890259
  ],
  "train_losses": [
    0.23141002110086445,
    0.06497352317085803,
    0.046303943124860886,
    0.036254603277779185,
    0.03006682547709673
  ],
  "test_accuracies": [
    98.39,
    98.77,
    98.95,
    99.09,
    99.14
  ],
  "final_accuracy": 99.14,
  "device": "mps",
  "method": "GPU (Apple MPS)"
}