{
  "total_time": 40.1726508140564,
  "epoch_times": [
    10.885703086853027,
    7.86572790145874,
    8.30321979522705,
    6.26401686668396,
    6.853862047195435
  ],
  "train_losses": [
    0.2095615658487108,
    0.06259517703053437,
    0.04543899150261445,
    0.03747987644903899,
    0.02931317330521992
  ],
  "test_accuracies": [
    98.3,
    98.87,
    99.12,
    99.11,
    99.17
  ],
  "final_accuracy": 99.17,
  "device": "mps",
  "method": "GPU (Apple MPS)"
}