{
  "total_time": 15.32100510597229,
  "epoch_times": [
    3.3318629264831543,
    2.981541872024536,
    2.9745500087738037,
    2.9668726921081543,
    3.0650880336761475
  ],
  "communication_times": [
    0.07011008262634277,
    0.00968790054321289,
    0.01092982292175293,
    0.011452198028564453,
    0.0033042430877685547
  ],
  "train_losses": [
    0.13297639787197113,
    0.03651558235287666,
    0.02562156319618225,
    0.02088760770857334,
    0.01731031946837902
  ],
  "test_accuracies": [
    96.33,
    97.31,
    98.03,
    97.87,
    98.36
  ],
  "final_accuracy": 98.36,
  "world_size": 4,
  "device": "mps",
  "method": "Hybrid MPI+GPU (4 processes)"
}