{
  "total_time": 45.194600343704224,
  "epoch_times": [
    8.642360925674438,
    8.87521481513977,
    9.127766132354736,
    9.152661085128784,
    9.383827924728394
  ],
  "train_losses": [
    0.471892774105072,
    0.11760612577199936,
    0.07878139615058899,
    0.06387577950954437,
    0.05491962656378746
  ],
  "test_accuracies": [
    96.84,
    97.96,
    98.36,
    98.47,
    98.67
  ],
  "final_accuracy": 98.67,
  "world_size": 4,
  "device": "cpu",
  "method": "MPI Distributed (4 processes)"
}