{
  "total_time": 47.018542766571045,
  "epoch_times": [
    8.829195022583008,
    9.117825031280518,
    9.567042112350464,
    9.60445785522461,
    9.88783311843872
  ],
  "train_losses": [
    0.5120512247085571,
    0.1280442625284195,
    0.08311495184898376,
    0.06875000149011612,
    0.057770341634750366
  ],
  "test_accuracies": [
    96.4,
    97.82,
    98.3,
    98.35,
    98.6
  ],
  "final_accuracy": 98.6,
  "world_size": 4,
  "device": "cpu",
  "method": "MPI Distributed (4 processes)"
}